first_name,last_name,email,position
Joseph,Gomwalk,Binengak.Gomwalk@aun.edu.ng,DF
Abubakar,Idris,abubakar.sidris@aun.edu.ng,MF
Muna,Chukwuenyem,Muna.Chukwuenyem@aun.edu.ng,FW
Pere,Woh,Pere.Woh@aun.edu.ng,DF
Longwul,Dakogol,Longwul.Dakogol@aun.edu.ng,MF
